id,name,host_id,host_name,neighbourhood_group,neighbourhood,latitude,longitude,room_type,price,minimum_nights,number_of_reviews,last_review,reviews_per_month,calculated_host_listings_count,availability_365
21974,Comf. double room/private bathroom,73163,Andres,Ciutat Vella,el Barri G√≤tic,41.37973,2.17631,Private room,80,3,2,2017-11-06,0.05,3,134
23197,Forum DeLuxe 5 mins Walk  To CCIB Center & Sea‚òÖ,90417,Etain (Marnie),Sant Mart√≠,el Bes√≤s i el Maresme,41.41291,2.22063,Entire home/apt,183,3,52,2019-12-15,0.44,2,320
32711,Sagrada Familia area - C√≤rsega 1,135703,Nick,Gr√†cia,el Camp d'en Grassot i Gr√†cia Nova,41.40566,2.17015,Entire home/apt,98,2,63,2020-02-22,0.55,5,0
34241,Private Double room - Plaza Real,73163,Andres,Ciutat Vella,el Barri G√≤tic,41.37916,2.17535,Private room,46,30,8,2013-07-15,0.06,3,0
34981,VIDRE HOME PLAZA REAL on LAS RAMBLAS,73163,Andres,Ciutat Vella,el Barri G√≤tic,41.37978,2.17623,Entire home/apt,183,4,149,2020-03-11,1.20,3,67
35379,Double 04 CasanovaRooms Barcelona,152232,Pablo,Eixample,l'Antiga Esquerra de l'Eixample,41.39036,2.15274,Private room,15,2,322,2020-12-14,3.02,4,342
35388,Single 01 CasanovaRooms Barcelona,152232,Pablo,Eixample,l'Antiga Esquerra de l'Eixample,41.39065,2.15196,Private room,12,2,271,2020-12-17,2.33,4,327
35390,Single 02 CasanovaRooms Barcelona,152232,Pablo,Eixample,l'Antiga Esquerra de l'Eixample,41.39153,2.15125,Private room,12,2,282,2020-12-18,2.69,4,347
35392,Double 03 CasanovaRooms Barcelona,152232,Pablo,Eixample,l'Antiga Esquerra de l'Eixample,41.39082,2.15078,Private room,17,2,237,2020-12-02,3.11,4,346
36763,In front of the beach,158596,Ester,Ciutat Vella,la Barceloneta,41.37906,2.19141,Private room,34,2,73,2019-10-15,0.65,1,364
40983,Classical loft close to pedrera!,177617,Joaquin,Eixample,la Dreta de l'Eixample,41.39631,2.16832,Entire home/apt,39,2,170,2020-12-04,5.31,3,338
41952,Modern Apartment - Sagrada Familia,183340,Teresa,Gr√†cia,el Camp d'en Grassot i Gr√†cia Nova,41.40565,2.16932,Entire home/apt,110,3,39,2015-10-13,0.37,4,365
"46153,SANT PERE APARTMENT‚òÖNO SHARING ‚òÖGREAT LOCATION‚òÖ,90417,Etain (Marnie),Ciutat Vella,""Sant Pere, Santa Caterina i la Ribera"",41.38866,2.17839,Entire home/apt,30,90,2,2018-09-30,0.02,2,291"
49968,Sagrada Familia area - C√≤rsega 2,135703,Nick,Gr√†cia,el Camp d'en Grassot i Gr√†cia Nova,41.4057,2.17016,Entire home/apt,98,2,43,2020-10-26,0.38,5,301
58512,Stylish & cozy 3BR near Sagrada Familia,280070,Cristina,Sant Mart√≠,el Camp de l'Arpa del Clot,41.41129,2.18193,Entire home/apt,116,5,382,2020-03-02,3.23,1,331
61444,Bright apartment - Rambla Catalunya (HUTB-005863),297545,Anil,Eixample,la Dreta de l'Eixample,41.38901,2.16552,Entire home/apt,105,2,52,2020-11-04,0.58,5,285
68547,two beds with private shower 30% off,340570,At√∫n,Ciutat Vella,el Barri G√≤tic,41.38072,2.17811,Private room,49,2,90,2019-12-19,0.77,1,365
"70099,""Room with a View, Bcn City Center"",353987,Alex,Ciutat Vella,el Raval,41.37828,2.1708,Private room,42,1,369,2020-11-15,3.08,1,365"
71520,Charming apartment with fantastic views!,366428,Ariadna,Gr√†cia,Vallcarca i els Penitents,41.41837,2.13419,Entire home/apt,250,5,1,2011-06-23,0.01,1,363
71553,Beautiful penthouse near Sagrada Familia,366654,Watermen Barcelona Apartments,Eixample,el Fort Pienc,41.3974,2.17682,Entire home/apt,80,2,49,2020-02-17,0.41,5,350
71603,MODERNIST PENTHOUSE. 1bedroom apt with terrace,366654,Watermen Barcelona Apartments,Eixample,la Dreta de l'Eixample,41.39038,2.17606,Entire home/apt,452,3,37,2019-06-02,0.31,5,365
71736,APARTMENT BY MONTHS CITY CENTER MINIMUM 32 NIGHTS,368317,Nacharosa,Ciutat Vella,el Raval,41.38321,2.16656,Entire home/apt,60,32,11,2016-07-14,0.09,6,0
72436,Lugaris Beach Business Apartment,375625,Xavier,Sant Mart√≠,el Poblenou,41.39909,2.20733,Entire home/apt,80,1,354,2020-12-13,4.59,6,350
72793,RENT BY MONTH COLORIST APARTMENT MINIMUN 32 NITGHS,368317,Nacharosa,Ciutat Vella,el Raval,41.38248,2.16415,Entire home/apt,50,32,2,2014-08-27,0.02,6,365
72794,RENT MONTH FANTASTIC APARTMENT MINIMUM 32 NIGHTS,368317,Nacharosa,Ciutat Vella,el Raval,41.38294,2.16534,Entire home/apt,50,32,8,2014-08-23,0.07,6,365
73683,Sagrada Familia area for 12 people,135703,Nick,Gr√†cia,el Camp d'en Grassot i Gr√†cia Nova,41.40554,2.17017,Entire home/apt,222,2,164,2020-02-02,1.41,5,0
73692,Rustic apartment : Rambla Catalunya (HUTB-005863),297545,Anil,Eixample,la Dreta de l'Eixample,41.39108,2.16521,Entire home/apt,105,2,43,2020-10-27,0.42,5,295
73693,Huge family apt with patio: Central (HUTB-005825),297545,Anil,Sants-Montju√Øc,el Poble Sec,41.37163,2.16591,Entire home/apt,65,2,49,2020-08-20,0.61,5,306
73700,Centrally located budget apartment (HUTB-005832),297545,Anil,Sants-Montju√Øc,el Poble Sec,41.37335,2.16165,Entire home/apt,65,2,85,2020-11-18,0.84,5,0
75003,130. H√©rcules Peque√±o 41,396363,Alcambarcelona,Eixample,la Sagrada Fam√≠lia,41.40399,2.17802,Entire home/apt,94,2,21,2020-09-19,0.18,92,344
75411,Sagrada Familia Clot Patio - Wifi/Private/Clean,400154,Mireia,Sant Mart√≠,el Clot,41.40825,2.18729,Entire home/apt,131,3,30,2019-11-18,0.28,9,0
80004,Parc Montjuic HUTB-004026 58,431839,Xavier,Sants-Montju√Øc,el Poble Sec,41.37188,2.16656,Entire home/apt,107,1,127,2020-02-27,1.09,1,0
81631,NEW APARTMENT IN GR√ÄCIA,443017,Meritxell,Gr√†cia,la Vila de Gr√†cia,41.40203,2.15752,Entire home/apt,75,2,12,2016-08-01,0.10,1,89
83283,‚òÖPLAZA ¬©ATALU√ëA ¬Æoom x2 + private bath¬Æoom+wifi,700165,Wonderful Barcelona,Eixample,l'Antiga Esquerra de l'Eixample,41.3839,2.16068,Private room,40,3,107,2019-10-20,0.91,5,90
"89756,""bcn-rentals.com n¬∫ 1, just 7-10 min to Ramblas"",488117,David Y Maria,Ciutat Vella,el Raval,41.37815,2.16894,Entire home/apt,240,6,16,2019-10-19,0.16,8,273"
89776,Modernist flat Downtown Casa Estap√© | Barcelona,488151,Pols,Eixample,la Dreta de l'Eixample,41.39149,2.17818,Entire home/apt,85,3,336,2020-03-10,3.03,1,357
"95719,Lovely room  in the heart of Barcelona with A/C,509260,Dalila,Ciutat Vella,""Sant Pere, Santa Caterina i la Ribera"",41.3839,2.18011,Private room,53,2,232,2020-02-24,1.97,2,365"
97529,CENTRAL  FURNISHED 1 ENSUITE BEDROOM APARTMENT,497450,Francesc,Horta-Guinard√≥,el Baix Guinard√≥,41.40913,2.16627,Entire home/apt,40,32,64,2019-08-23,0.58,1,291
"100256,""BARCELONA CENTRO EN LA PLAYA ,WIFI"",527201,Peca,Ciutat Vella,la Barceloneta,41.37983,2.19249,Entire home/apt,45,32,63,2020-12-01,0.60,2,359"
104485,Best Location guarantee!,543801,Pinar,Eixample,l'Antiga Esquerra de l'Eixample,41.39119,2.15641,Private room,26,1,204,2020-12-06,1.79,1,62
"107437,Beautiful villa! in the forest and near the city,556626,Cristina,Sarri√†-Sant Gervasi,""Vallvidrera, el Tibidabo i les Planes"",41.42864,2.09159,Entire home/apt,163,2,64,2020-12-13,0.56,2,316"
110041,002. Ali√≥ 2 Apartment,396363,Alcambarcelona,Gr√†cia,el Camp d'en Grassot i Gr√†cia Nova,41.40271,2.16646,Entire home/apt,92,2,27,2020-10-10,0.26,92,362
110098,023. Gign√†s G√≥tic Apartment,396363,Alcambarcelona,Ciutat Vella,el Barri G√≤tic,41.38126,2.1801,Entire home/apt,84,2,33,2020-10-18,0.29,92,349
112538,‚ú®Design Apt near Sagrada Familia / Shared terrace‚ú®,567180,Sandra,Eixample,la Sagrada Fam√≠lia,41.40653,2.1746,Entire home/apt,98,4,80,2020-07-15,0.69,19,145
117010,‚ú®Spacious Flat near Sagrada Familia/Shared terrace,567180,Sandra,Eixample,la Sagrada Fam√≠lia,41.40647,2.17457,Entire home/apt,98,2,35,2018-11-21,0.31,19,149
118228,‚ú®Bright apt views Sagrada Familia / Shared terrace,567180,Sandra,Eixample,la Sagrada Fam√≠lia,41.40653,2.1746,Entire home/apt,97,2,15,2017-02-19,0.13,19,113
119546,BCN HUGEROOM DTOWN PRIVATE BATHROOM.,603336,Kiko,Ciutat Vella,el Raval,41.37969,2.16532,Private room,52,31,316,2020-03-14,2.71,1,365
128463,Private Suite in residential area!!,635253,Sebastian,Sants-Montju√Øc,Sants,41.37155,2.13664,Private room,50,3,282,2020-03-14,2.49,1,301
130227,Spacious Room with Pool and Terrace,641496,Dolors,Sant Mart√≠,Diagonal Mar i el Front Mar√≠tim del Poblenou,41.40646,2.21282,Private room,70,1,107,2020-09-25,1.32,1,356
135513,APARTMENT AT RAMBLA POBLE NOU AND BEACH,664196,Teresa,Sant Mart√≠,el Poblenou,41.39841,2.20613,Entire home/apt,80,2,127,2020-02-28,1.13,1,358
"136670,""double Room -UPC, ESADE, Bar√ßa, Real Club Tennis"",610674,Maria,Les Corts,Pedralbes,41.38846,2.12351,Private room,55,30,128,2019-08-27,1.14,5,1"
138055,üåûApt best views of Sagrada Familia/Shared terrace,567180,Sandra,Eixample,la Sagrada Fam√≠lia,41.40653,2.1746,Entire home/apt,92,3,90,2019-10-06,1.64,19,0
142121,You clean Barcelona Refuge 2 of 2,620454,Reinhard,Ciutat Vella,el Barri G√≤tic,41.38062,2.17465,Entire home/apt,44,31,27,2017-09-20,0.24,3,364
144471,‚òÖBEST ZONE‚òÖPL.CATALU√ëA ‚òÖROOM X 2‚òÖBATHROOM +WIFI,700165,Wonderful Barcelona,Eixample,l'Antiga Esquerra de l'Eixample,41.38379,2.15881,Private room,40,3,36,2019-10-18,0.31,5,90
147275,1 Room INDIVIDUAL in Barcelona,711907,Antuan,Horta-Guinard√≥,el Guinard√≥,41.42318,2.17501,Private room,15,4,98,2020-09-24,1.44,1,359
"153376,Single room. central and quite,737399,Omar,Ciutat Vella,""Sant Pere, Santa Caterina i la Ribera"",41.38792,2.17768,Private room,65,2,7,2019-10-11,0.37,1,0"
154437,Charming room  Diagonal wifi 100 Mb,474355,Annais,Eixample,l'Antiga Esquerra de l'Eixample,41.39106,2.1509,Private room,39,7,80,2020-04-06,0.70,1,179
155981,Sunny and comfortable room,750040,Monica,Eixample,la Nova Esquerra de l'Eixample,41.3841,2.14566,Private room,40,2,0,,,1,365
158238,CENTRAL APARTMENT w/TERRASSE,759411,Raquel,Les Corts,les Corts,41.38416,2.13636,Entire home/apt,8000,2,116,2019-08-10,1.01,3,0
162091,‚ú®Cosy Apt near Sagrada Familia / Shared terrace‚ú®,567180,Sandra,Eixample,la Sagrada Fam√≠lia,41.4064,2.17449,Entire home/apt,98,2,41,2018-12-09,0.39,19,142
171646,Sagrada Familia Clot Atico - Wifi/Private/Clean,400154,Mireia,Sant Mart√≠,el Clot,41.40696,2.18711,Entire home/apt,125,3,44,2020-01-06,0.48,9,0
171816,Sagrada Familia Clot Vista - Wifi/Private/Clean,400154,Mireia,Sant Mart√≠,el Camp de l'Arpa del Clot,41.40828,2.18622,Entire home/apt,120,3,10,2019-08-21,0.11,9,359
174382,üåüCentral Flat near Sagrada Familia/Shared terrace,567180,Sandra,Eixample,la Sagrada Fam√≠lia,41.40653,2.17455,Entire home/apt,129,2,10,2020-12-01,0.83,19,0
179619,Affordable Barcelona for you!,860071,Joan,Sants-Montju√Øc,Sants,41.37151,2.13607,Private room,27,3,50,2018-09-28,0.44,3,47
186540,Fully equipped loft near Sagrada Familia,896554,Josep Llu√≠s,Sant Mart√≠,el Clot,41.41076,2.19078,Entire home/apt,36,32,11,2019-12-19,0.21,1,0
186542,Lovely and sunny double room in BCN,896372,Marina,Eixample,la Dreta de l'Eixample,41.39326,2.17386,Private room,33,2,49,2013-06-20,0.43,1,290
188267,SPECIAL OFFER!!! 3 BEDROOM Balconies at center,366654,Watermen Barcelona Apartments,Eixample,la Dreta de l'Eixample,41.39368,2.17614,Entire home/apt,196,2,81,2020-03-10,0.72,5,365
190348,Apartment with large terrace,919480,Elisa,Les Corts,Pedralbes,41.39009,2.12588,Private room,46,7,1,2016-06-09,0.02,1,0
193923,Single room in the real Barcelona,939590,M√≥nica,Horta-Guinard√≥,Horta,41.43846,2.1556,Private room,20,3,126,2020-03-14,1.11,1,364
196021,Old-time-charm apartment with patio!,953719,Maria,Eixample,l'Antiga Esquerra de l'Eixample,41.38796,2.15946,Entire home/apt,294,5,265,2020-03-16,2.36,1,260
196196,‚ú®Large Apt near Sagrada Familia / Shared terrace‚ú®,567180,Sandra,Eixample,la Sagrada Fam√≠lia,41.4066,2.17459,Entire home/apt,98,2,92,2020-03-11,0.82,19,142
"197267,Cozy Studio in Gracia Neighborhood,632830,""M Angeles, Federico"",Gr√†cia,la Vila de Gr√†cia,41.40523,2.15187,Entire home/apt,25,31,343,2020-02-25,3.13,3,319"
198958,STUNNING sea view + pool Barcelona!,971768,Akira,Sant Mart√≠,Diagonal Mar i el Front Mar√≠tim del Poblenou,41.40854,2.21368,Entire home/apt,426,1,60,2019-11-19,0.57,14,20
199422,Modern apt near beach & city center,971768,Akira,Eixample,el Fort Pienc,41.39598,2.18251,Entire home/apt,75,1,86,2020-01-05,0.76,14,0
199794,Centric Double Room Private Bathroom,440825,Teresa,Eixample,l'Antiga Esquerra de l'Eixample,41.38336,2.15853,Private room,31,1,95,2020-03-17,1.06,1,354
206122,Amazing Loft in BCN Center,1013855,Alejandro,Gr√†cia,la Vila de Gr√†cia,41.39877,2.15887,Entire home/apt,141,3,171,2020-08-01,1.55,3,250
"206167,""Bright, comfy, central and with character"",1014050,Minerva,Sants-Montju√Øc,el Poble Sec,41.37406,2.16524,Entire home/apt,80,3,89,2020-02-26,0.80,1,354"
209673,Sweet Apartment in Gr√†cia district!,1033366,Elena,Gr√†cia,la Vila de Gr√†cia,41.39895,2.15742,Entire home/apt,107,2,256,2020-03-15,2.64,1,363
213368,Lovely room Barcelona up 2 people,1037730,Elisagela Cristina,Gr√†cia,la Salut,41.413,2.159,Private room,55,2,50,2019-10-09,0.45,2,364
214970,Cozy Room in central flat Barcelona,1110014,Janeth,Sants-Montju√Øc,el Poble Sec,41.36997,2.16473,Private room,33,30,144,2020-03-02,1.39,1,1
"216699,SUPER CENTRAL CUTE DOUBLE ROOM+TERRACE!,1118232,Fran,Ciutat Vella,""Sant Pere, Santa Caterina i la Ribera"",41.38484,2.17796,Private room,42,3,288,2019-10-06,2.64,1,365"
228638,Dble room in BCN with yoga shala,1190018,Maria Y Lucas,Gr√†cia,Vallcarca i els Penitents,41.41153,2.14695,Private room,40,2,18,2019-09-25,0.17,1,169
234375,ATTIC VIEWS SAGRADA FAMILIA,1227290,Francesca,Eixample,el Fort Pienc,41.39918,2.1752,Entire home/apt,59,35,49,2020-10-08,0.91,1,75
238266,RURAL HOUSE IN THE HEART OF BARCEL!,1249627,Bel,Gr√†cia,la Vila de Gr√†cia,41.40192,2.15711,Private room,53,1,110,2016-07-25,0.98,1,365
238703,‚òÜComfy central Flat Sagrada Familia/Shared terrace,567180,Sandra,Eixample,la Sagrada Fam√≠lia,41.40653,2.1746,Entire home/apt,98,2,63,2019-11-24,0.80,19,142
"239821,""APARTAMENT BCN MIRALL, in the best neighborhood"",1257705,Jos√© Luis,Sarri√†-Sant Gervasi,Sant Gervasi - Galvany,41.39653,2.1442,Entire home/apt,175,3,27,2019-12-28,0.38,3,42"
242335,Barceloneta Beach Apartment - FOR SEASON,15884961,Enjoy,Ciutat Vella,la Barceloneta,41.38295,2.18791,Entire home/apt,61,33,4,2015-12-21,0.04,13,363
"250016,""Excellent - 3 bedrooms, 2 bathrooms - Gothic"",1310304,Luis,Ciutat Vella,el Barri G√≤tic,41.38732,2.17367,Entire home/apt,47,50,4,2020-02-16,0.04,56,364"
252232,Nice apartment with POOL BARCELONA,1298586,Kristjan Y Ana,Sant Mart√≠,Sant Mart√≠ de Proven√ßals,41.41626,2.20149,Entire home/apt,97,2,115,2020-11-11,1.07,6,354
255195,Lightly apartment with balcony to Las Ramblas,1310304,Luis,Ciutat Vella,el Raval,41.38151,2.17187,Entire home/apt,33,32,17,2020-10-09,0.16,56,365
256354,tranquila room in cosy flat....,1348378,Lidia,Sarri√†-Sant Gervasi,el Putxet i el Farr√≥,41.41269,2.13924,Private room,20,7,51,2020-10-30,0.48,2,235
256677,Barcelona Center!The Gothic Area,1350468,Petrutz,Ciutat Vella,el Barri G√≤tic,41.3801,2.17693,Private room,60,3,156,2020-02-23,1.50,1,364
264125,Sagrada Familia 5' Metro WIFI fibre DISINFECTED,1377744,Esther & Gemma,Eixample,la Sagrada Fam√≠lia,41.41058,2.17599,Entire home/apt,125,3,243,2020-10-11,2.27,2,351
267816,Luxury Motor Yacht in Barcelona Port Ol√≠mpic near Casino,1404293,Sergio,Ciutat Vella,el Barri G√≤tic,41.37781,2.18445,Entire home/apt,900,2,24,2019-11-09,0.23,2,356
"268017,Cosy apartment 3 bedrooms,1405013,""Bcn Clols Apartments, S.L."",Eixample,la Dreta de l'Eixample,41.393,2.17107,Entire home/apt,145,1,10,2020-07-27,0.09,15,215"
"268022,Charming 3 bedrooms apartment,1405013,""Bcn Clols Apartments, S.L."",Eixample,la Dreta de l'Eixample,41.393,2.17107,Entire home/apt,168,1,9,2019-05-02,0.19,15,111"
268417,Cozy Room near the Center. 2 l√≠nes underg.Eixample,1406951,Salva,Eixample,la Nova Esquerra de l'Eixample,41.37687,2.14979,Private room,36,2,205,2020-03-02,2.34,1,44
269467,Sunny and quiet Loft next to Sagrada Familia,1411775,Jeremies,Eixample,la Sagrada Fam√≠lia,41.40338,2.17685,Entire home/apt,88,7,54,2020-02-26,1.50,2,365
271259,Bright in the heart of the city,1419752,Flor,Ciutat Vella,el Raval,41.38587,2.16485,Private room,61,2,42,2019-05-19,0.39,1,0
271996,GR Apartment near Sagrada Familia,155686,Sonia,Gr√†cia,el Camp d'en Grassot i Gr√†cia Nova,41.40279,2.16612,Entire home/apt,51,31,13,2018-08-15,0.12,2,327
272282,Exquisito apartamento con espacios abiertos y luz,1425070,Mar,Eixample,l'Antiga Esquerra de l'Eixample,41.38347,2.15802,Entire home/apt,299,3,298,2020-11-28,2.89,1,208
273229,Confortable and very well located,1429552,Marta,Eixample,Sant Antoni,41.37704,2.15782,Entire home/apt,60,20,137,2020-11-01,1.31,1,319
273932,Oriental Design apartment,1432835,Angel,Eixample,l'Antiga Esquerra de l'Eixample,41.3895,2.15769,Entire home/apt,85,3,175,2020-03-09,1.62,35,70
275336,Noname - Charming 3BR+Terrace just off Gran Via,1435464,Jaume,Eixample,la Nova Esquerra de l'Eixample,41.38294,2.15728,Entire home/apt,86,3,98,2020-11-30,0.97,21,320
275346,Sunny terrace penthouse by Camp Nou Free Nespresso,1435464,Jaume,Sarri√†-Sant Gervasi,Sarri√†,41.3924,2.12314,Entire home/apt,135,3,42,2020-09-01,0.41,21,299
"275350,""Parsifal-Front Row Seat on La Rambla, Blend of Character and Modernity"",1435464,Jaume,Ciutat Vella,el Raval,41.3796,2.17352,Entire home/apt,84,32,50,2020-01-03,0.60,21,332"
275889,La Rambla Zen 1BR apt in Center,1435464,Jaume,Ciutat Vella,el Raval,41.38191,2.1714,Entire home/apt,66,32,9,2018-10-20,0.09,21,179
276324,COMFORTABLE IN GRACE APARTMENT,1443815,Francisca,Gr√†cia,la Vila de Gr√†cia,41.40098,2.16085,Entire home/apt,97,5,60,2020-12-13,0.57,1,297
276527,Nice rustic apartament - Parc G√ºell,1444707,Jesus,Gr√†cia,el Coll,41.42027,2.14873,Entire home/apt,76,2,378,2020-11-29,3.51,2,1
"282679,""Charming Penthouse,two amazing terraces"",1354169,Valentin,Eixample,Sant Antoni,41.38034,2.15823,Entire home/apt,225,4,32,2020-02-29,0.31,3,358"
"283231,FANTASTIC20m2TerraceVIEW-@800m BEACH/BORN/GOTIC,1475411,Francesco,Ciutat Vella,""Sant Pere, Santa Caterina i la Ribera"",41.39121,2.18665,Entire home/apt,74,1,229,2020-12-08,2.12,1,1"
286105,Room at Gran Via Barcelona Spain,1489008,Anne Li,Eixample,la Sagrada Fam√≠lia,41.40269,2.18381,Private room,55,1,1,2014-06-03,0.01,1,359
288034,pb5 APRIL BARCELONA QUIET & WITH TERRACE NICE FLAT,1447144,Apartments In Barcelona,Eixample,la Nova Esquerra de l'Eixample,41.38791,2.15064,Entire home/apt,145,3,19,2019-10-31,0.18,132,354
289405,MAGIC ROOM IN G√íTIC *1! CENTRE!,1503151,Laia,Ciutat Vella,el Barri G√≤tic,41.38178,2.17463,Private room,33,32,5,2017-08-14,0.05,81,0
289600,MAGIC ROOM GOTIC * 2! CITY CENTRE!,1503151,Laia,Ciutat Vella,el Barri G√≤tic,41.38296,2.17411,Private room,33,32,1,2014-06-30,0.01,81,0
289616,MAGIC ROOM CITY CENTER! * G√íTIC 5!,1503151,Laia,Ciutat Vella,el Barri G√≤tic,41.38373,2.17412,Private room,29,32,2,2018-02-22,0.02,81,0
289761,MAGIC ROOM GOTIC * 6! CITY CENTRE!,1503151,Laia,Ciutat Vella,el Barri G√≤tic,41.38292,2.17422,Private room,27,32,0,,,81,0
290592,Views SagradaFamilia + metro + WIFI + disinfected,1377744,Esther & Gemma,Sant Mart√≠,el Camp de l'Arpa del Clot,41.41234,2.17754,Entire home/apt,121,3,234,2020-03-15,2.22,2,353
295200,Attic penthouse with private terrace,612665,Oscar,Gr√†cia,la Vila de Gr√†cia,41.40697,2.16106,Entire home/apt,89,3,153,2020-09-28,1.41,7,235
296287,Nice room in Barcelona G√≤tic (3),1503151,Laia,Ciutat Vella,el Barri G√≤tic,41.38295,2.17484,Private room,24,32,10,2020-02-29,0.54,81,0
"297066,""3 rooms, 2 bathrooms in the touristic city centre"",1541784,Aga,Sants-Montju√Øc,el Poble Sec,41.37383,2.16894,Entire home/apt,52,1,648,2020-10-25,6.05,1,358"
302440,Ramblas Romantic studio,942210,Pia,Ciutat Vella,el Raval,41.38486,2.16841,Entire home/apt,45,31,22,2019-10-01,0.21,4,364
305213,PLATANEROS - BRIGHT CENTRAL APT,1570247,Irene,Eixample,Sant Antoni,41.37669,2.16532,Entire home/apt,70,20,254,2020-03-02,2.46,1,180
"308166,""ARTIST HOUSE IN DOWNTOWN, GAUDI, LIGHT SUN"",1561612,Carlos,Eixample,la Dreta de l'Eixample,41.39253,2.15888,Entire home/apt,155,3,176,2019-11-16,1.65,1,1"
315769,Sagrada Familia vintage apartment,1994100,Marcello,Eixample,la Sagrada Fam√≠lia,41.40577,2.17324,Entire home/apt,90,30,22,2020-02-17,0.21,3,107
320506,The Loft Barcelona,1642180,The Loft,Sants-Montju√Øc,el Poble Sec,41.37186,2.16803,Entire home/apt,75,4,52,2020-08-22,0.49,1,294
322268,AMAZING LOCATION & SPACIOUS APART,1650460,Maria,Ciutat Vella,el Barri G√≤tic,41.37949,2.17725,Entire home/apt,60,32,89,2019-10-13,0.83,1,90
323854,Casa Sagrada Familia Bcn Doubleroom,1657312,Alberto,Eixample,la Sagrada Fam√≠lia,41.40658,2.17549,Private room,30,1,21,2014-07-29,0.20,1,0
326464,Charm and quiet room,1669001,Isidro,Nou Barris,Can Peguera,41.43542,2.16466,Private room,60,1,33,2019-12-28,0.44,1,365
330723,SUNNY ROOM WITH BALCONY,1687383,Juanmi,Ciutat Vella,el Raval,41.37729,2.17225,Private room,30,14,58,2019-10-25,0.56,2,1
330766,Urquinaona Charming and Centric,1687524,Virginia,Eixample,la Dreta de l'Eixample,41.39074,2.17306,Entire home/apt,120,3,170,2019-07-06,1.62,1,363
330957,Central 3 bedroom beautiful APT,893805,Phil And Fiona,Eixample,la Dreta de l'Eixample,41.39831,2.17174,Entire home/apt,120,2,420,2020-10-02,4.06,8,1
331026,Small basic room in a nice apt,440881,Lee,Eixample,Sant Antoni,41.3785,2.16132,Private room,20,4,181,2020-09-20,1.71,1,364
337755,SEALONA VILA OLIMPICA BEACH,1716315,Marc,Sant Mart√≠,la Vila Ol√≠mpica del Poblenou,41.39181,2.19263,Entire home/apt,72,1,8,2020-11-07,0.10,12,0
"342641,Apartment in villa with garden&pool,1738696,Estela,Sarri√†-Sant Gervasi,""Vallvidrera, el Tibidabo i les Planes"",41.42882,2.10123,Entire home/apt,93,2,79,2020-06-03,0.90,1,334"
343622,Spacious loft nearby pl. Espa√±a,1743695,Michel,Sants-Montju√Øc,Hostafrancs,41.3765,2.14385,Entire home/apt,115,3,102,2019-10-12,1.45,1,365
343861,1BD FLAT WITH WIFI & AC IN GRACIA,1744516,Silvia & Lu√≠s,Gr√†cia,el Camp d'en Grassot i Gr√†cia Nova,41.4019,2.16477,Entire home/apt,45,3,23,2020-06-03,0.34,19,191
343864,3 BD APT IN THE HEART OF GRACIA VIRREINA,1744516,Silvia & Lu√≠s,Gr√†cia,la Vila de Gr√†cia,41.40656,2.15732,Entire home/apt,54,3,16,2020-03-02,0.20,19,90
343866,COSY 2BD + 2 BATH + 2 KITCHEN IN GRACIA VIRREINA,1744516,Silvia & Lu√≠s,Gr√†cia,la Vila de Gr√†cia,41.40545,2.15719,Entire home/apt,81,3,34,2020-03-09,0.36,19,89
343972,Magic Fountain B&B WI-FI DOBLE ROOM,1744964,Patricia,Sants-Montju√Øc,la Font de la Guatlla,41.37142,2.14938,Private room,30,2,7,2015-07-06,0.07,1,0
345129,Charming apartment by  Barcelona sailing harbour,1238225,Lucia,Ciutat Vella,el Barri G√≤tic,41.38471,2.17222,Private room,27,31,32,2013-10-15,0.30,1,58
351395,Garden House - 3BR Apt with amazing Terrrace,1435464,Jaume,Eixample,el Fort Pienc,41.39362,2.18183,Entire home/apt,90,3,35,2019-10-12,0.38,21,170
352772,Elegant Centric Attic WIFI Car Park,1786501,Fidel,Eixample,la Nova Esquerra de l'Eixample,41.38184,2.15119,Entire home/apt,124,2,103,2020-10-18,1.24,1,249
353640,Great Apartment in Heart of Born,1791076,Marta,Ciutat Vella,el Barri G√≤tic,41.38109,2.17855,Entire home/apt,81,2,130,2020-03-08,1.60,1,319
"357576,""Authentic Vintage Home ¬®El patio de Gr√†cia"""""",1809535,Silvia,Gr√†cia,la Vila de Gr√†cia,41.40508,2.15491,Entire home/apt,82,1,211,2020-09-26,2.05,2,304"
357958,Private terrace and bathroom & WiFi,1809119,Katja,Eixample,la Nova Esquerra de l'Eixample,41.38515,2.15145,Private room,41,2,163,2020-08-09,1.72,1,242
359814,APT. 4 P.. IN EIXAMPLE (BARCELONA),1819662,Mar,Eixample,l'Antiga Esquerra de l'Eixample,41.3872,2.15534,Entire home/apt,80,5,4,2015-08-19,0.05,1,365
"359841,""BacRou, design loft near the sea"",1820272,Rosa,Sant Mart√≠,el Poblenou,41.40331,2.20929,Entire home/apt,129,2,320,2020-08-26,4.16,4,191"
363601,stylish flat in barcelona center,1837053,Ayal,Ciutat Vella,el Raval,41.37781,2.17345,Entire home/apt,60,32,26,2018-08-23,0.26,2,199
364030,Beatiful Terrace in Bcn center  HUTB-OODIEZ94ZERO3,1839136,Mires,Eixample,Sant Antoni,41.3756,2.16127,Entire home/apt,90,3,283,2020-10-12,2.65,1,308
"365911,""Low-priced,Super Reviewed Apartment"",1260560,Ralph,Eixample,la Nova Esquerra de l'Eixample,41.37977,2.15495,Entire home/apt,92,3,77,2020-07-27,0.75,4,170"
"370665,""vig RIGHT IN EL BORN, OLD TOWN, HAPPY APARTMENT!!"",1447144,Apartments In Barcelona,Ciutat Vella,""Sant Pere, Santa Caterina i la Ribera"",41.38458,2.18118,Entire home/apt,40,29,0,,,132,365"
377161,Rustic apartment Parc Guell II,1444707,Jesus,Gr√†cia,el Coll,41.41895,2.14928,Entire home/apt,64,2,392,2020-11-24,3.72,2,151
379868,INCREDIBLE VIEW front Sagrada Familia+PRIV.BALCONY,1906952,Khris,Eixample,la Sagrada Fam√≠lia,41.4055,2.17124,Private room,20,2,312,2020-03-15,3.00,2,180
384063,nap2 HAPPY & QUIET 3 BEDROOM & 2 BATHROOMS FLAT!!,1447144,Apartments In Barcelona,Eixample,la Dreta de l'Eixample,41.39606,2.17605,Entire home/apt,40,1,9,2019-08-18,0.09,132,337
"384155,Barcelona Center Beach Top Design,1751133,The Punset Family,Ciutat Vella,""Sant Pere, Santa Caterina i la Ribera"",41.38333,2.18125,Entire home/apt,61,32,70,2019-12-02,0.68,1,364"
384464,Paseo de Gracia / Plaza Catalunya,674212,Juanmi,Eixample,la Dreta de l'Eixample,41.38855,2.16942,Entire home/apt,85,2,93,2020-08-29,0.88,8,344
384867,A PERFECT DOUBLE ROOM  BCN CENTER,1926968,Monica,Eixample,l'Antiga Esquerra de l'Eixample,41.38777,2.16252,Private room,26,2,263,2020-03-11,2.53,3,25
"385049,MIRADOR 3 Bedroom Apartment Port Vell,3775349,Mafe,Ciutat Vella,""Sant Pere, Santa Caterina i la Ribera"",41.38214,2.1838,Entire home/apt,220,1,215,2020-09-06,2.02,31,303"
393717,Cosy apartment near Las Ramblas,1968590,Manel,Ciutat Vella,el Raval,41.37888,2.16744,Entire home/apt,114,32,319,2020-03-13,3.08,1,261
394692,A PERFECT ROOM FOR RENT CENTER BCN,1926968,Monica,Eixample,l'Antiga Esquerra de l'Eixample,41.38784,2.16119,Private room,28,2,331,2020-03-01,3.16,3,130
399772,VERY CENTRAL 3 STOPS AWAY RAMBLAS,1995385,Ana,Eixample,la Nova Esquerra de l'Eixample,41.38221,2.15062,Entire home/apt,155,2,19,2019-08-17,0.18,2,316
"399967,""COMFY ROOM, WIFI, CENTER OF BCN"",1984642,Luciana,Eixample,el Fort Pienc,41.40168,2.18277,Private room,26,2,21,2020-01-01,0.20,2,350"
401481,Centric Apartment in Barcelona,2004002,Xabier,Eixample,la Dreta de l'Eixample,41.39186,2.1724,Private room,34,2,395,2020-03-11,3.74,2,365
401990,LARGE ROOM in a COOL STREET!!,2006133,Bruce,Eixample,l'Antiga Esquerra de l'Eixample,41.38962,2.16137,Private room,53,2,117,2019-09-29,1.12,2,178
"402657,""Central, Sunny & Charming + Wifi"",1117598,Amanda,Eixample,Sant Antoni,41.37509,2.15825,Entire home/apt,81,3,245,2020-03-16,2.41,1,0"
408127,chambre double √† louer,2032512,Magali,Eixample,Sant Antoni,41.37578,2.16537,Private room,100,3,10,2019-12-22,0.47,1,0
408599,Charming 3bedroom flat with balcony,2034854,Roger,Eixample,Sant Antoni,41.37597,2.15778,Entire home/apt,44,2,346,2020-12-03,3.27,1,331
412649,Cozy flat by the Magic Fountain,542867,Gabriela & Miguel,Sants-Montju√Øc,la Font de la Guatlla,41.37112,2.14866,Entire home/apt,43,2,176,2020-03-09,1.67,2,355
415892,Winter promo: 6x5. Modernist flat,366654,Watermen Barcelona Apartments,Eixample,la Dreta de l'Eixample,41.39014,2.1763,Entire home/apt,453,3,56,2018-04-25,0.53,5,365
"416704,""LARGE DOUBLE ROOM, WIFI, CENTER BCN"",1984642,Luciana,Eixample,el Fort Pienc,41.40002,2.18135,Private room,25,2,25,2019-06-23,0.24,2,0"
417239,SUNNY APARTMENT WITH TERRACE IN GRACIA,2074943,Kris,Gr√†cia,la Vila de Gr√†cia,41.40228,2.15742,Entire home/apt,68,30,95,2020-01-15,1.03,1,364
417814,Amplia habitaci√≥n con privacidad,2072631,Camila Y Hortensia,Eixample,la Sagrada Fam√≠lia,41.40781,2.17521,Private room,20,2,53,2020-02-10,0.82,2,260
424137,Spacious apartment just by Las Ramblas,2108468,Pau,Ciutat Vella,el Raval,41.37949,2.17429,Entire home/apt,71,1,57,2020-12-13,0.60,9,326
425639,House with garden,2116153,Victor/Paula,Sarri√†-Sant Gervasi,el Putxet i el Farr√≥,41.40725,2.14678,Entire home/apt,390,5,54,2020-02-28,0.68,1,358
432482,PENTHOUSE PANORAMIC VIEW,898600,Andre,Eixample,la Dreta de l'Eixample,41.39288,2.16313,Entire home/apt,134,7,240,2020-09-14,2.32,2,90
437886,Centric Apartment in Barcelona 2,2004002,Xabier,Eixample,la Dreta de l'Eixample,41.3912,2.17238,Private room,50,2,246,2019-07-27,2.35,2,0
438102,Nice quiet room close to S. Familia,2176121,Rosa Mar√≠a,Eixample,el Fort Pienc,41.39776,2.18173,Private room,49,3,116,2019-11-30,1.11,2,320
"438123,""Apartamento """"Sagrada Familia"""" for 4-9 people"",189396844,Alex,Horta-Guinard√≥,el Baix Guinard√≥,41.40999,2.17058,Entire home/apt,85,2,55,2020-01-02,0.83,1,347"
"439057,""Paseo de Gracia - Diagonal, 120 m2"",2181314,Javier,Gr√†cia,la Vila de Gr√†cia,41.40002,2.1579,Entire home/apt,130,2,262,2020-11-15,2.53,1,354"
440427,Just Next to Sagrada Familia!!!,2041901,Dani,Eixample,la Sagrada Fam√≠lia,41.40332,2.17615,Entire home/apt,94,3,88,2020-02-29,0.89,15,365
443110,New apartment center BCN,2201772,Dimitry,Eixample,l'Antiga Esquerra de l'Eixample,41.38921,2.15195,Entire home/apt,250,4,39,2019-06-03,0.37,13,365
443222,2-bedroom Bright and Classic Sagrada Familia Flat,2202284,Johanna,Eixample,la Sagrada Fam√≠lia,41.41032,2.17524,Entire home/apt,55,3,102,2020-11-10,0.99,11,95
"443909,""BARCELONA GOTICO ,great location"",2204578,Francesca,Ciutat Vella,el Barri G√≤tic,41.37917,2.17711,Private room,35,3,315,2020-07-23,3.13,1,75"
446665,Double and Lovely room in Barcelona.,2218343,Elvira,Sants-Montju√Øc,la Font de la Guatlla,41.3684,2.14075,Private room,32,1,53,2020-02-29,0.56,2,90
"449854,Center location. Magic terrace. 360¬∫ views,1267680,Victor,Ciutat Vella,""Sant Pere, Santa Caterina i la Ribera"",41.38734,2.18018,Entire home/apt,74,3,131,2020-09-20,1.26,4,204"
"451758,""Bright, elegant loft in center town"",1267680,Victor,Ciutat Vella,el Raval,41.38139,2.16692,Entire home/apt,70,3,121,2020-08-01,1.17,4,76"
456333,DOUBLE ROOM with WIFI,2268672,Bruna,Eixample,la Dreta de l'Eixample,41.39731,2.17468,Private room,28,1,43,2017-11-01,0.42,1,0
"457195,Cozy apartment with 3 bedrooms,1405013,""Bcn Clols Apartments, S.L."",Eixample,la Dreta de l'Eixample,41.393,2.17107,Entire home/apt,267,1,15,2020-03-06,0.30,15,1"
"462012,Separate studio with its own garden,2296262,Nona,Sarri√†-Sant Gervasi,""Vallvidrera, el Tibidabo i les Planes"",41.41385,2.11029,Entire home/apt,35,3,24,2020-07-07,0.23,1,317"
462062,Cerca de Plaza Espa√±a.,16569867,Lola,Eixample,la Nova Esquerra de l'Eixample,41.37973,2.15158,Private room,25,28,104,2019-09-15,1.35,2,33
462118,NEXT TO CATHEDRAL 1,2262273,Rosa,Ciutat Vella,el Barri G√≤tic,41.38379,2.17888,Entire home/apt,138,32,30,2016-03-02,0.29,29,365
462557,Large room and light. balcony (red),2298462,Juan Carlos,Eixample,l'Antiga Esquerra de l'Eixample,41.38482,2.16063,Private room,33,2,67,2019-08-18,0.66,1,107
468912,lovely double bedroom in barcelona,1923383,Kenneth,Gr√†cia,la Vila de Gr√†cia,41.39669,2.15623,Private room,40,2,111,2020-03-08,2.58,1,365
469177,Cozy apartment in Paralel for 8,1432835,Angel,Sants-Montju√Øc,el Poble Sec,41.37501,2.16009,Entire home/apt,90,3,200,2020-08-14,1.96,35,0
471669,El Poblenou* House @ Barcelona,1481173,Ciprian & Rose,Sant Mart√≠,el Poblenou,41.39832,2.19995,Private room,80,1,63,2019-06-02,0.68,1,364
472062,close to Paseo de Gracia.,2337603,Rosa,Gr√†cia,la Vila de Gr√†cia,41.39822,2.16081,Entire home/apt,143,3,34,2020-02-23,0.57,5,333
473395,Walking distance to Paseo de Gracia,2337603,Rosa,Sarri√†-Sant Gervasi,Sant Gervasi - Galvany,41.39871,2.15292,Entire home/apt,171,5,50,2020-03-10,0.71,5,148
473459,GALA - Between Gracia and Sant Gervasi,2337603,Rosa,Sarri√†-Sant Gervasi,Sant Gervasi - Galvany,41.39851,2.15304,Entire home/apt,138,3,21,2020-02-16,0.37,5,61
474669,Confort Apartment 2 Bedrooms WIFI,2353086,Oscar,Les Corts,la Maternitat i Sant Ramon,41.37883,2.12763,Entire home/apt,118,3,61,2020-03-11,0.60,1,192
475786,Room to rent in beautiful apartment,2358821,Anna Micaela,Gr√†cia,Vallcarca i els Penitents,41.41101,2.1465,Private room,79,7,0,,,1,365
477256,lightful apartment in poblenou',2365702,David,Sant Mart√≠,el Parc i la Llacuna del Poblenou,41.40065,2.19487,Private room,18,2,193,2020-07-17,1.86,2,358
"478173,""Penthouse in Barcelona, Sun terrace"",1724144,Promociones Andreo SL,Sants-Montju√Øc,la Bordeta,41.37228,2.1423,Entire home/apt,150,3,49,2019-10-28,0.47,1,321"
478616,Retrome Barcelona,726695,Retrome,Eixample,la Dreta de l'Eixample,41.39594,2.1692,Private room,150,1,4,2019-09-09,0.06,1,365
480975,Cozy loft with a big terrace!,2272146,Javi,Sants-Montju√Øc,el Poble Sec,41.37205,2.16569,Private room,50,1,0,,,1,0
481739,The Gaudi Suites II,2320210,Ale & Arthur,Eixample,la Dreta de l'Eixample,41.39634,2.16651,Entire home/apt,106,1,23,2020-02-16,0.45,49,1
485011,A Super unique/charming/hip room!,2400841,Skye,Eixample,la Dreta de l'Eixample,41.3914,2.17889,Private room,58,2,89,2019-10-14,0.94,2,0
488341,Single bedroom in the middle of BCN¬¥,9535595,Adrian,Ciutat Vella,el Barri G√≤tic,41.37931,2.17608,Private room,30,3,277,2020-08-27,2.66,1,0
490517,The Sagrada Penthouse,2320210,Ale & Arthur,Gr√†cia,el Camp d'en Grassot i Gr√†cia Nova,41.40555,2.16905,Entire home/apt,106,1,29,2020-02-08,0.53,49,1
490803,Plaza Sagrada Familia apartmen(1-6),2320210,Ale & Arthur,Eixample,la Sagrada Fam√≠lia,41.40288,2.17184,Entire home/apt,118,1,71,2020-03-02,0.89,49,1
490853,Private Balcony in Sagrada Familia,2426746,Joel Giraldo,Eixample,la Sagrada Fam√≠lia,41.40473,2.17395,Private room,38,1,496,2020-07-19,4.77,4,356
493122,lightful apartment in poblenou,2365702,David,Sant Mart√≠,el Parc i la Llacuna del Poblenou,41.40018,2.19436,Private room,18,2,199,2020-11-14,1.91,2,360
494834,Sant Pau Barcelona Suites,2320210,Ale & Arthur,Horta-Guinard√≥,el Baix Guinard√≥,41.41029,2.17108,Entire home/apt,94,1,32,2020-02-17,0.58,49,0
496997,Lovely & Elegant Apartment in Eixample 1-2,1432835,Angel,Eixample,l'Antiga Esquerra de l'Eixample,41.3888,2.15898,Entire home/apt,110,3,215,2020-09-30,2.08,35,0
497545,Delightful & Elegant close to Paseo de Gracia,1432835,Angel,Eixample,l'Antiga Esquerra de l'Eixample,41.3888,2.15898,Entire home/apt,120,3,164,2020-03-09,1.59,35,0
"498416,""Comfy & central, large shared terrace, Gothic"",1310304,Luis,Ciutat Vella,el Barri G√≤tic,41.38305,2.17326,Entire home/apt,28,32,9,2019-08-21,0.09,56,365"
498632,Prime location. Barcelona Apartment,71615,Mireia And Maria,Eixample,l'Antiga Esquerra de l'Eixample,41.38544,2.15894,Entire home/apt,106,1,75,2020-09-02,0.94,23,350
502436,FANTASTIC RAMBLAS,2262273,Rosa,Ciutat Vella,el Barri G√≤tic,41.37948,2.17666,Entire home/apt,140,33,3,2014-08-28,0.03,29,365
507667,Habitaci√≥n cerca sagrada familia-2,2176121,Rosa Mar√≠a,Eixample,el Fort Pienc,41.39625,2.18191,Private room,60,3,86,2020-03-01,0.95,2,320
507972,House with pool in Heart Gracia!,2303967,Anna,Gr√†cia,la Vila de Gr√†cia,41.40764,2.15373,Entire home/apt,500,5,53,2019-08-26,0.59,1,23
508212,Central Atico Apartment with Private Terrace,2504689,Carolina,Eixample,l'Antiga Esquerra de l'Eixample,41.39112,2.1561,Entire home/apt,96,90,71,2020-01-06,0.69,1,161
510923,Lovely Penthouse in Barcelona,2517389,Sara,Sant Andreu,el Congr√©s i els Indians,41.42255,2.18061,Entire home/apt,70,6,23,2017-08-14,0.25,2,299
511739,sfp1 NICE 2 BED ACOMODIS APARTMENT SAGRADA FAMILIA,1447144,Apartments In Barcelona,Eixample,la Sagrada Fam√≠lia,41.40238,2.17082,Entire home/apt,98,1,7,2019-09-03,0.07,132,0
512368,COZY & SUNNY ROOM,1687383,Juanmi,Ciutat Vella,el Raval,41.37702,2.17117,Private room,30,13,42,2019-04-30,0.42,2,357
"512666,""bcn-rentals.com  4, just 7-10 min to Ramblas"",488117,David Y Maria,Ciutat Vella,el Raval,41.3792,2.16749,Entire home/apt,125,6,64,2020-07-09,0.68,8,265"
"512737,""bcn-rentals.com  3, just 7-10 min to Ramblas"",488117,David Y Maria,Ciutat Vella,el Raval,41.37733,2.16635,Entire home/apt,86,6,20,2019-12-10,0.22,8,357"
513825,Three Bedroom Apartment Sagrada Familia - S3,1093718,Alexey,Eixample,el Fort Pienc,41.40012,2.1756,Entire home/apt,117,2,52,2020-03-01,0.51,11,354
514572,ENJOY BARCELONA IN A HUGE APARTMENT,2534420,Roser,Sants-Montju√Øc,Hostafrancs,41.37964,2.14382,Entire home/apt,198,2,70,2020-12-02,1.49,1,0
515230,LuxRent Apartment Num.15,2537484,Enrique,Eixample,Sant Antoni,41.37816,2.16259,Entire home/apt,43,33,122,2016-07-17,1.22,5,360
515729,Stay close to Sagrada Family temple,2540372,Victor,Eixample,la Sagrada Fam√≠lia,41.40574,2.17556,Private room,68,3,7,2019-06-09,0.13,1,365
516102,Barcelona International Stop !!!,1332544,Ramon,Eixample,la Nova Esquerra de l'Eixample,41.38083,2.14678,Private room,61,2,61,2020-03-13,0.61,1,72
516340,Paseo de Gracia/Plaza Catalunya I,674212,Juanmi,Eixample,la Dreta de l'Eixample,41.39033,2.16812,Entire home/apt,165,2,64,2018-02-05,0.62,8,270
517407,Luxury Apartment Sagrada Familia,1093718,Alexey,Eixample,la Sagrada Fam√≠lia,41.40081,2.17644,Entire home/apt,162,2,91,2020-12-01,0.88,11,0
518247,Ideal apartment in central,2551150,Juan Maria,Eixample,Sant Antoni,41.37714,2.16209,Entire home/apt,135,2,51,2019-10-27,0.51,1,292
519566,Comfy double room Barcelona Center,1206797,Juan Miguel,Ciutat Vella,el Barri G√≤tic,41.3811,2.17891,Private room,43,31,33,2020-04-30,0.32,2,363
519631,Great location 1870¬¥s charming home,1009636,Charles,Eixample,la Dreta de l'Eixample,41.3934,2.17302,Entire home/apt,160,1,438,2020-03-12,4.81,1,339
520389,Great Design apartment in Barcelona center,1432835,Angel,Eixample,l'Antiga Esquerra de l'Eixample,41.3888,2.15898,Entire home/apt,120,3,209,2020-11-29,2.04,35,57
522705,MODERN FLAT. BARCELONA CENTER,2570705,Pilar,Eixample,la Dreta de l'Eixample,41.39672,2.16975,Entire home/apt,59,1,123,2020-02-15,1.39,1,170
"524729,Sagrada Familia up to 6,2579651,""Castro Exclusive XXI, S.L."",Eixample,la Sagrada Fam√≠lia,41.40248,2.1705,Entire home/apt,83,31,175,2019-08-28,1.69,7,0"
526016,LOVELY DOUBLE ROOM IN BARCELONA CENTER 1,2585816,Oscar,Eixample,Sant Antoni,41.37831,2.15957,Private room,35,300,151,2020-03-15,3.59,2,0
"526094,""Nice, sunny & quite single room in the center"",2586242,Gemma,Ciutat Vella,el Raval,41.37847,2.17238,Private room,50,2,41,2020-03-24,0.51,2,1"
527183,HABITACI√ìN PLA√áA SANTS,2590800,Rosa,Sants-Montju√Øc,Sants,41.37393,2.13307,Private room,31,15,4,2015-10-11,0.06,1,365
528979,Suite con mucho encanto!,2598629,N√©stor,Sarri√†-Sant Gervasi,Sant Gervasi - Galvany,41.3976,2.15404,Private room,50,2,93,2020-09-17,1.10,3,364
531195,Bright four bedroom apartment with balconies,2608724,Hector Antonella Alvaro,Eixample,Sant Antoni,41.37535,2.16727,Entire home/apt,188,3,116,2020-08-21,1.12,7,0
531781,BIG room in the HEART of BARCELONA,2613787,Magda,Eixample,la Dreta de l'Eixample,41.38632,2.1663,Private room,48,1,34,2016-11-02,0.42,1,0
532775,Comfortable MARQUES apartment,1310304,Luis,Eixample,Sant Antoni,41.37641,2.16291,Entire home/apt,50,30,17,2017-09-25,0.17,56,365
534410,Loft top floor w/ Terrasse & Sagrada Familia view,2626568,Caroline,Eixample,la Dreta de l'Eixample,41.398,2.17573,Entire home/apt,150,2,144,2020-11-10,1.60,1,342
534550,Bright three bedroom apartment with balconies,2608724,Hector Antonella Alvaro,Eixample,Sant Antoni,41.37535,2.16727,Entire home/apt,225,3,37,2020-01-02,0.37,7,180
536440,Space n'Style Near Sagrada Familia!,2635405,Montserrat,Horta-Guinard√≥,el Baix Guinard√≥,41.41051,2.17175,Entire home/apt,127,3,43,2019-09-29,0.48,1,0
536470,Quiet apartment in Sagrada Familia,2635504,Mireia,Gr√†cia,el Camp d'en Grassot i Gr√†cia Nova,41.40412,2.16594,Entire home/apt,209,1,72,2020-02-24,0.89,1,16
537176,Nice renewed apartament with WiFi (HUTB - 004893),2638282,Fernando,Eixample,Sant Antoni,41.38075,2.15804,Entire home/apt,60,2,355,2020-10-22,3.49,1,0
543342,Gran V√≠a Apartment Catalunya square,177617,Joaquin,Eixample,l'Antiga Esquerra de l'Eixample,41.38324,2.15969,Entire home/apt,37,2,208,2020-12-01,2.02,3,341
543728,Room in a nice sunny apartment,2555053,Sandra,Ciutat Vella,el Raval,41.37653,2.16693,Private room,120,5,190,2020-03-02,1.86,1,365
544995,LUXURY HOUSE IN BCN NEAR THE BEACH,2556699,Ernest,Sant Mart√≠,la Vila Ol√≠mpica del Poblenou,41.39095,2.1965,Entire home/apt,249,1,58,2019-10-24,0.57,1,0
545207,Penthouse Room with large Terrace heart of BCN,2680490,Quim,Eixample,la Dreta de l'Eixample,41.39022,2.17628,Private room,68,1,376,2020-03-15,3.69,1,179
545811,Big room with double bed,1606665,Aline,Sant Mart√≠,el Clot,41.40719,2.18663,Private room,40,1,8,2015-01-03,0.08,1,365
546970,Tendency Sagrada Familia 2-2,2320210,Ale & Arthur,Eixample,la Sagrada Fam√≠lia,41.40418,2.17246,Entire home/apt,142,3,0,,,49,314
